{"textures":{"0":"modelengine:entity/minotaur","particle":"#0"},"elements":[{"from":[8.0,13.0,7.0],"to":[8.0,28.0,19.0],"faces":{"east":{"uv":[3.25,9.125,4.75,11.0],"tintindex":0,"rotation":0,"texture":"#0"},"west":{"uv":[4.75,9.125,6.25,11.0],"tintindex":0,"rotation":0,"texture":"#0"}}},{"from":[2.5,0.0,4.0],"to":[13.5,6.0,4.0],"faces":{"south":{"uv":[10.625,9.0,12.0,9.75],"tintindex":0,"rotation":0,"texture":"#0"},"north":{"uv":[9.25,9.0,10.625,9.75],"tintindex":0,"rotation":0,"texture":"#0"}}},{"from":[-1.5,12.0,3.0],"to":[17.5,23.0,13.0],"faces":{"east":{"uv":[0.0,1.25,1.25,2.625],"tintindex":0,"rotation":0,"texture":"#0"},"south":{"uv":[4.875,1.25,7.25,2.625],"tintindex":0,"rotation":0,"texture":"#0"},"north":{"uv":[1.25,1.25,3.625,2.625],"tintindex":0,"rotation":0,"texture":"#0"},"west":{"uv":[3.625,1.25,4.875,2.625],"tintindex":0,"rotation":0,"texture":"#0"},"up":{"uv":[3.625,1.25,1.25,0.0],"tintindex":0,"rotation":0,"texture":"#0"},"down":{"uv":[6.0,0.0,3.625,1.25],"tintindex":0,"rotation":0,"texture":"#0"}}},{"from":[2.5,6.0,4.0],"to":[13.5,12.0,12.0],"faces":{"east":{"uv":[4.75,3.625,5.75,4.375],"tintindex":0,"rotation":0,"texture":"#0"},"south":{"uv":[8.125,3.625,9.5,4.375],"tintindex":0,"rotation":0,"texture":"#0"},"north":{"uv":[5.75,3.625,7.125,4.375],"tintindex":0,"rotation":0,"texture":"#0"},"west":{"uv":[7.125,3.625,8.125,4.375],"tintindex":0,"rotation":0,"texture":"#0"},"up":{"uv":[7.125,3.625,5.75,2.625],"tintindex":0,"rotation":0,"texture":"#0"},"down":{"uv":[8.5,2.625,7.125,3.625],"tintindex":0,"rotation":0,"texture":"#0"}}}],"display":{"head":{"rotation":[0.0,0.0,0.0]},"firstperson_righthand":{"rotation":[0.0,0.0,0.0]},"thirdperson_lefthand":{"rotation":[0.0,-0.0,-0.0]},"firstperson_lefthand":{"rotation":[0.0,-0.0,-0.0]},"fixed":{"rotation":[0.0,0.0,0.0]},"ground":{"rotation":[0.0,0.0,0.0]},"thirdperson_righthand":{"rotation":[0.0,0.0,0.0]},"gui":{"rotation":[-150.0,-45.0,180.0]}}}