{"textures":{"0":"modelengine:entity/minotaur","particle":"#0"},"elements":[{"from":[5.5,8.0,8.0],"to":[10.5,8.0,19.0],"faces":{"up":{"uv":[9.25,1.375,8.625,0.0],"tintindex":0,"rotation":0,"texture":"#0"},"down":{"uv":[9.875,0.0,9.25,1.375],"tintindex":0,"rotation":0,"texture":"#0"}}}],"display":{"head":{"rotation":[0.0,0.0,0.0]},"firstperson_righthand":{"rotation":[0.0,0.0,0.0]},"thirdperson_lefthand":{"rotation":[0.0,-0.0,-0.0]},"firstperson_lefthand":{"rotation":[0.0,-0.0,-0.0]},"fixed":{"rotation":[0.0,0.0,0.0]},"ground":{"rotation":[0.0,0.0,0.0]},"thirdperson_righthand":{"rotation":[0.0,0.0,0.0]},"gui":{"rotation":[-150.0,-45.0,180.0]}}}