{"providers":[{"file":"char/black.png","chars":[""],"height":1,"ascent":-5000,"type":"bitmap"},{"file":"char/black.png","chars":[""],"height":2,"ascent":-5000,"type":"bitmap"},{"file":"char/black.png","chars":[""],"height":3,"ascent":-5000,"type":"bitmap"},{"file":"char/black.png","chars":[""],"height":4,"ascent":-5000,"type":"bitmap"},{"file":"char/black.png","chars":[""],"height":5,"ascent":-5000,"type":"bitmap"},{"file":"char/black.png","chars":[""],"height":6,"ascent":-5000,"type":"bitmap"},{"file":"char/black.png","chars":[""],"height":7,"ascent":-5000,"type":"bitmap"},{"file":"char/black.png","chars":[""],"height":15,"ascent":-5000,"type":"bitmap"},{"file":"char/black.png","chars":[""],"height":31,"ascent":-5000,"type":"bitmap"},{"file":"char/black.png","chars":[""],"height":63,"ascent":-5000,"type":"bitmap"},{"file":"char/black.png","chars":[""],"height":127,"ascent":-5000,"type":"bitmap"},{"file":"char/black.png","chars":[""],"height":256,"ascent":-5000,"type":"bitmap"},{"file":"char/black.png","chars":[""],"height":512,"ascent":-5000,"type":"bitmap"},{"file":"char/black.png","chars":[""],"height":1024,"ascent":-5000,"type":"bitmap"},{"file":"char/black.png","chars":[""],"height":-3,"ascent":-5000,"type":"bitmap"},{"file":"char/black.png","chars":[""],"height":-4,"ascent":-5000,"type":"bitmap"},{"file":"char/black.png","chars":[""],"height":-5,"ascent":-5000,"type":"bitmap"},{"file":"char/black.png","chars":[""],"height":-6,"ascent":-5000,"type":"bitmap"},{"file":"char/black.png","chars":[""],"height":-7,"ascent":-5000,"type":"bitmap"},{"file":"char/black.png","chars":[""],"height":-8,"ascent":-5000,"type":"bitmap"},{"file":"char/black.png","chars":[""],"height":-9,"ascent":-5000,"type":"bitmap"},{"file":"char/black.png","chars":[""],"height":-10,"ascent":-5000,"type":"bitmap"},{"file":"char/black.png","chars":[""],"height":-18,"ascent":-5000,"type":"bitmap"},{"file":"char/black.png","chars":[""],"height":-34,"ascent":-5000,"type":"bitmap"},{"file":"char/black.png","chars":[""],"height":-66,"ascent":-5000,"type":"bitmap"},{"file":"char/black.png","chars":[""],"height":-130,"ascent":-5000,"type":"bitmap"},{"file":"char/black.png","chars":[""],"height":-259,"ascent":-5000,"type":"bitmap"},{"file":"char/black.png","chars":[""],"height":-515,"ascent":-5000,"type":"bitmap"},{"file":"char/black.png","chars":[""],"height":-1027,"ascent":-5000,"type":"bitmap"},{"file":"_iainternal:hud/small_cooldown_bar/0.png","chars":[""],"height":22,"ascent":-42,"type":"bitmap"},{"file":"_iainternal:hud/small_cooldown_bar/1.png","chars":[""],"height":22,"ascent":-42,"type":"bitmap"},{"file":"_iainternal:hud/small_cooldown_bar/2.png","chars":[""],"height":22,"ascent":-42,"type":"bitmap"},{"file":"_iainternal:hud/small_cooldown_bar/3.png","chars":[""],"height":22,"ascent":-42,"type":"bitmap"},{"file":"_iainternal:hud/small_cooldown_bar/4.png","chars":[""],"height":22,"ascent":-42,"type":"bitmap"},{"file":"_iainternal:hud/small_cooldown_bar/5.png","chars":[""],"height":22,"ascent":-42,"type":"bitmap"},{"file":"_iainternal:hud/small_cooldown_bar/6.png","chars":[""],"height":22,"ascent":-42,"type":"bitmap"},{"file":"_iainternal:hud/small_cooldown_bar/7.png","chars":[""],"height":22,"ascent":-42,"type":"bitmap"},{"file":"_iainternal:hud/small_cooldown_bar/8.png","chars":[""],"height":22,"ascent":-42,"type":"bitmap"},{"file":"_iainternal:hud/small_cooldown_bar/9.png","chars":[""],"height":22,"ascent":-42,"type":"bitmap"},{"file":"_iainternal:hud/small_cooldown_bar/10.png","chars":[""],"height":22,"ascent":-42,"type":"bitmap"},{"file":"_iainternal:hud/small_cooldown_bar/11.png","chars":[""],"height":22,"ascent":-42,"type":"bitmap"},{"file":"_iainternal:hud/small_cooldown_bar/12.png","chars":[""],"height":22,"ascent":-42,"type":"bitmap"},{"file":"_iainternal:hud/small_cooldown_bar/13.png","chars":[""],"height":22,"ascent":-42,"type":"bitmap"},{"file":"_iainternal:hud/small_cooldown_bar/14.png","chars":[""],"height":22,"ascent":-42,"type":"bitmap"},{"file":"_iainternal:hud/small_cooldown_bar/15.png","chars":[""],"height":22,"ascent":-42,"type":"bitmap"},{"file":"_iainternal:hud/small_cooldown_bar/16.png","chars":[""],"height":22,"ascent":-42,"type":"bitmap"},{"file":"_iainternal:hud/small_cooldown_bar/17.png","chars":[""],"height":22,"ascent":-42,"type":"bitmap"},{"file":"_iainternal:hud/small_cooldown_bar/18.png","chars":[""],"height":22,"ascent":-42,"type":"bitmap"},{"file":"_iainternal:hud/small_cooldown_bar/19.png","chars":[""],"height":22,"ascent":-42,"type":"bitmap"},{"file":"_iainternal:hud/small_cooldown_bar/20.png","chars":[""],"height":22,"ascent":-42,"type":"bitmap"},{"file":"ranks:player.png","chars":["Ɗ"],"height":8,"ascent":6,"type":"bitmap"},{"file":"ranks:squid.png","chars":["ý"],"height":8,"ascent":6,"type":"bitmap"},{"file":"ranks:zombie.png","chars":["Ɯ"],"height":8,"ascent":6,"type":"bitmap"},{"file":"ranks:creeper.png","chars":["Ɲ"],"height":8,"ascent":6,"type":"bitmap"},{"file":"ranks:golem.png","chars":["Ɵ"],"height":8,"ascent":6,"type":"bitmap"},{"file":"ranks:wither.png","chars":["Ə"],"height":8,"ascent":6,"type":"bitmap"},{"file":"ranks:dragon.png","chars":["Ð"],"height":8,"ascent":6,"type":"bitmap"},{"file":"ranks:warden.png","chars":["Ž"],"height":8,"ascent":6,"type":"bitmap"},{"file":"ranks:olymp.png","chars":["ᒙ"],"height":8,"ascent":6,"type":"bitmap"},{"file":"ranks:media.png","chars":["ʘ"],"height":8,"ascent":6,"type":"bitmap"},{"file":"ranks:moder.png","chars":["ş"],"height":8,"ascent":6,"type":"bitmap"},{"file":"ranks:builder.png","chars":["ጀ"],"height":8,"ascent":6,"type":"bitmap"},{"file":"ranks:t_admin.png","chars":["ጁ"],"height":8,"ascent":6,"type":"bitmap"},{"file":"ranks:curator.png","chars":["ļ"],"height":8,"ascent":6,"type":"bitmap"},{"file":"ranks:admin.png","chars":["ď"],"height":8,"ascent":6,"type":"bitmap"},{"file":"ranks:owner.png","chars":["ź"],"height":8,"ascent":6,"type":"bitmap"},{"file":"ranks:flamet_01.png","chars":["⛿"],"height":24,"ascent":12,"type":"bitmap"},{"file":"ranks:flamet_02.png","chars":["⛾"],"height":24,"ascent":12,"type":"bitmap"},{"file":"ranks:flamet_03.png","chars":["⛽"],"height":24,"ascent":12,"type":"bitmap"},{"file":"ranks:flamet_04.png","chars":["⛼"],"height":24,"ascent":12,"type":"bitmap"},{"file":"ranks:flamet_05.png","chars":["⛻"],"height":24,"ascent":12,"type":"bitmap"},{"file":"ranks:flamet_06.png","chars":["⛺"],"height":24,"ascent":12,"type":"bitmap"},{"file":"ranks:flamet_07.png","chars":["⛹"],"height":24,"ascent":12,"type":"bitmap"},{"file":"ranks:flamet_08.png","chars":["⛸"],"height":24,"ascent":12,"type":"bitmap"},{"file":"ranks:flamet_09.png","chars":["🁉"],"height":24,"ascent":12,"type":"bitmap"},{"file":"ranks:flamet_10.png","chars":["🁊"],"height":24,"ascent":12,"type":"bitmap"},{"file":"ranks:bossbar.png","chars":["ㄱ"],"height":45,"ascent":4,"type":"bitmap"},{"file":"ranks:minotaurbossbar.png","chars":["ツ"],"height":245,"ascent":15,"type":"bitmap"},{"file":"ranks:gui/aukcion.png","chars":["߀"],"height":131,"ascent":15,"type":"bitmap"},{"file":"ranks:gui/donat.png","chars":["߁"],"height":131,"ascent":15,"type":"bitmap"},{"file":"ranks:gui/drugoe.png","chars":["߂"],"height":131,"ascent":15,"type":"bitmap"},{"file":"ranks:gui/iventi.png","chars":["߃"],"height":131,"ascent":15,"type":"bitmap"},{"file":"ranks:gui/keys.png","chars":["߄"],"height":131,"ascent":15,"type":"bitmap"},{"file":"ranks:gui/kvesti.png","chars":["߅"],"height":131,"ascent":15,"type":"bitmap"},{"file":"ranks:gui/lovushki.png","chars":["߆"],"height":131,"ascent":15,"type":"bitmap"},{"file":"ranks:gui/magazin.png","chars":["߇"],"height":131,"ascent":15,"type":"bitmap"},{"file":"ranks:gui/menu.png","chars":["߈"],"height":131,"ascent":15,"type":"bitmap"},{"file":"ranks:gui/nabori.png","chars":["߉"],"height":131,"ascent":15,"type":"bitmap"},{"file":"ranks:gui/planeti.png","chars":["ߊ"],"height":131,"ascent":15,"type":"bitmap"},{"file":"ranks:gui/poleznoe.png","chars":["ߋ"],"height":131,"ascent":15,"type":"bitmap"},{"file":"ranks:gui/posohi.png","chars":["ߌ"],"height":131,"ascent":15,"type":"bitmap"},{"file":"ranks:gui/pvp.png","chars":["ߍ"],"height":131,"ascent":15,"type":"bitmap"},{"file":"ranks:gui/raboti.png","chars":["ߎ"],"height":131,"ascent":15,"type":"bitmap"},{"file":"ranks:gui/rashodniki.png","chars":["ߐ"],"height":131,"ascent":15,"type":"bitmap"},{"file":"ranks:gui/skupshik.png","chars":["ߑ"],"height":131,"ascent":15,"type":"bitmap"},{"file":"ranks:gui/spavneri.png","chars":["ߒ"],"height":131,"ascent":15,"type":"bitmap"},{"file":"ranks:gui/streli.png","chars":["ߠ"],"height":131,"ascent":15,"type":"bitmap"},{"file":"ranks:gui/tnt.png","chars":["ߡ"],"height":131,"ascent":15,"type":"bitmap"},{"file":"ranks:gui/valuta.png","chars":["ߢ"],"height":131,"ascent":15,"type":"bitmap"},{"file":"ranks:gui/zachorovania.png","chars":["ߣ"],"height":131,"ascent":15,"type":"bitmap"},{"file":"ranks:gui/zelia.png","chars":["ߥ"],"height":131,"ascent":15,"type":"bitmap"},{"file":"ranks:gui/privati.png","chars":["æ"],"height":131,"ascent":15,"type":"bitmap"},{"file":"ranks:gui/krafti_1.png","chars":["Ƿ"],"height":131,"ascent":15,"type":"bitmap"},{"file":"ranks:gui/krafti_2.png","chars":["Ǫ"],"height":131,"ascent":15,"type":"bitmap"},{"file":"ranks:gui/nabori1.png","chars":["¤"],"height":131,"ascent":15,"type":"bitmap"},{"file":"ranks:gui/klani.png","chars":["ð"],"height":131,"ascent":15,"type":"bitmap"},{"file":"ranks:gui/privat.png","chars":["ܘ"],"height":131,"ascent":15,"type":"bitmap"},{"file":"ranks:gui/column_down.png","chars":["᧞"],"height":9,"ascent":8,"type":"bitmap"},{"file":"ranks:gui/column_middle.png","chars":["᧟"],"height":9,"ascent":8,"type":"bitmap"},{"file":"ranks:gui/column_up.png","chars":["᧠"],"height":9,"ascent":8,"type":"bitmap"},{"file":"ranks:gui/gorm_cash.png","chars":["᧡"],"height":9,"ascent":8,"type":"bitmap"},{"file":"ranks:gui/gorm_coin.png","chars":["᧢"],"height":9,"ascent":8,"type":"bitmap"},{"file":"ranks:gui/gorm_games_logo.png","chars":["᧣"],"height":18,"ascent":14,"type":"bitmap"},{"file":"_iainternal:gui/no_recipe.png","chars":[""],"height":170,"ascent":47,"type":"bitmap"},{"file":"_iainternal:gui/crafting.png","chars":[""],"height":170,"ascent":47,"type":"bitmap"},{"file":"_iainternal:gui/cooking.png","chars":[""],"height":170,"ascent":47,"type":"bitmap"},{"file":"_iainternal:gui/blank_menu.png","chars":[""],"height":170,"ascent":47,"type":"bitmap"},{"file":"_iainternal:gui/anvil_repair.png","chars":[""],"height":170,"ascent":47,"type":"bitmap"},{"file":"_iainternal:gui/smithing.png","chars":[""],"height":170,"ascent":47,"type":"bitmap"}]}