{"textures":{"0":"modelengine:entity/ork_nil_ground_fx","particle":"#0"},"elements":[{"from":[3.0,7.0,0.0],"to":[13.0,9.0,16.0],"faces":{"east":{"uv":[9.0,5.0,13.0,5.5],"tintindex":0,"rotation":0,"texture":"#0"},"south":{"uv":[9.0,9.0,11.5,9.5],"tintindex":0,"rotation":0,"texture":"#0"},"north":{"uv":[9.0,8.5,11.5,9.0],"tintindex":0,"rotation":0,"texture":"#0"},"west":{"uv":[9.0,5.5,13.0,6.0],"tintindex":0,"rotation":0,"texture":"#0"},"up":{"uv":[2.5,8.5,0.0,4.5],"tintindex":0,"rotation":0,"texture":"#0"},"down":{"uv":[5.0,4.5,2.5,8.5],"tintindex":0,"rotation":0,"texture":"#0"}}}],"display":{"head":{"rotation":[0.0,0.0,0.0]},"firstperson_righthand":{"rotation":[0.0,0.0,0.0]},"thirdperson_lefthand":{"rotation":[0.0,-0.0,-0.0]},"firstperson_lefthand":{"rotation":[0.0,-0.0,-0.0]},"fixed":{"rotation":[0.0,0.0,0.0]},"ground":{"rotation":[0.0,0.0,0.0]},"thirdperson_righthand":{"rotation":[0.0,0.0,0.0]},"gui":{"rotation":[-150.0,-45.0,180.0]}}}