{"textures":{"0":"modelengine:entity/minotaur"},"elements":[{"from":[2.0,-9.0,5.0],"to":[8.0,10.0,12.0],"faces":{"east":{"uv":[4.75,5.25,5.625,7.625],"tintindex":-2,"rotation":0,"texture":"#0"},"south":{"uv":[7.25,5.25,8.0,7.625],"tintindex":-2,"rotation":0,"texture":"#0"},"north":{"uv":[5.625,5.25,6.375,7.625],"tintindex":-2,"rotation":0,"texture":"#0"},"west":{"uv":[6.375,5.25,7.25,7.625],"tintindex":-2,"rotation":0,"texture":"#0"},"up":{"uv":[6.375,5.25,5.625,4.375],"tintindex":-2,"rotation":0,"texture":"#0"},"down":{"uv":[7.125,4.375,6.375,5.25],"tintindex":-2,"rotation":0,"texture":"#0"}}},{"from":[1.75,-9.25,4.75],"to":[8.25,10.25,12.25],"faces":{"east":{"uv":[11.5,0.875,12.375,3.25],"tintindex":-2,"rotation":0,"texture":"#0"},"south":{"uv":[14.0,0.875,14.75,3.25],"tintindex":-2,"rotation":0,"texture":"#0"},"north":{"uv":[12.375,0.875,13.125,3.25],"tintindex":-2,"rotation":0,"texture":"#0"},"west":{"uv":[13.125,0.875,14.0,3.25],"tintindex":-2,"rotation":0,"texture":"#0"},"up":{"uv":[13.125,0.875,12.375,0.0],"tintindex":-2,"rotation":0,"texture":"#0"},"down":{"uv":[13.875,0.0,13.125,0.875],"tintindex":-2,"rotation":0,"texture":"#0"}}}],"display":{"gui":{"rotation":[30,225,0]}}}