{"sources":[{"source":"entity","prefix":"entity/","type":"directory"},{"pattern":{"namespace":"minecraft","path":"entity/fishing_hook"},"type":"filter"},{"type":"single","resource":"modelengine:entity/ork_nil_ground_fx"},{"type":"single","resource":"modelengine:entity/ground_with_roots"},{"type":"single","resource":"modelengine:entity/crimson_demon_circle"},{"type":"single","resource":"_iainternal:icons/icon_search"},{"type":"single","resource":"_iainternal:icons/icon_next_orange"},{"type":"single","resource":"_iainternal:icons/icon_right_blue"},{"type":"single","resource":"_iainternal:icons/icon_left_blue"},{"type":"single","resource":"_iainternal:icons/icon_cancel"},{"type":"single","resource":"_iainternal:icons/icon_back_orange"},{"type":"single","resource":"modelengine:entity/crimson_demon_underlit"},{"type":"single","resource":"_iainternal:icons/icon_arrow_chest"},{"type":"single","resource":"modelengine:entity/minotaur"},{"type":"single","resource":"modelengine:entity/sleeping_minotaur"}]}