{"textures":{"0":"modelengine:entity/sleeping_minotaur","particle":"#0"},"elements":[{"from":[2.75,-2.25,4.75],"to":[9.25,12.25,11.25],"faces":{"east":{"uv":[7.25,11.625,8.0,13.375],"tintindex":0,"rotation":0,"texture":"#0"},"south":{"uv":[9.5,11.625,10.25,13.375],"tintindex":0,"rotation":0,"texture":"#0"},"north":{"uv":[8.0,11.625,8.75,13.375],"tintindex":0,"rotation":0,"texture":"#0"},"west":{"uv":[8.75,11.625,9.5,13.375],"tintindex":0,"rotation":0,"texture":"#0"},"up":{"uv":[8.75,11.625,8.0,10.875],"tintindex":0,"rotation":0,"texture":"#0"},"down":{"uv":[9.5,10.875,8.75,11.625],"tintindex":0,"rotation":0,"texture":"#0"}}},{"from":[3.0,-2.0,5.0],"to":[9.0,12.0,11.0],"faces":{"east":{"uv":[10.25,10.5,11.0,12.25],"tintindex":0,"rotation":0,"texture":"#0"},"south":{"uv":[12.5,10.5,13.25,12.25],"tintindex":0,"rotation":0,"texture":"#0"},"north":{"uv":[11.0,10.5,11.75,12.25],"tintindex":0,"rotation":0,"texture":"#0"},"west":{"uv":[11.75,10.5,12.5,12.25],"tintindex":0,"rotation":0,"texture":"#0"},"up":{"uv":[11.75,10.5,11.0,9.75],"tintindex":0,"rotation":0,"texture":"#0"},"down":{"uv":[12.5,9.75,11.75,10.5],"tintindex":0,"rotation":0,"texture":"#0"}}}],"display":{"head":{"rotation":[0.0,0.0,0.0]},"firstperson_righthand":{"rotation":[0.0,0.0,0.0]},"thirdperson_lefthand":{"rotation":[0.0,-0.0,-0.0]},"firstperson_lefthand":{"rotation":[0.0,-0.0,-0.0]},"fixed":{"rotation":[0.0,0.0,0.0]},"ground":{"rotation":[0.0,0.0,0.0]},"thirdperson_righthand":{"rotation":[0.0,0.0,0.0]},"gui":{"rotation":[-150.0,-45.0,180.0]}}}