{"textures":{"0":"modelengine:entity/sleeping_minotaur"},"elements":[{"from":[6.0,6.0,6.0],"to":[10.0,9.0,10.0],"faces":{"east":{"uv":[5.125,3.125,4.625,3.5],"tintindex":-2,"rotation":0,"texture":"#0"},"south":{"uv":[5.625,3.125,5.125,3.5],"tintindex":-2,"rotation":0,"texture":"#0"},"north":{"uv":[4.625,3.125,4.125,3.5],"tintindex":-2,"rotation":0,"texture":"#0"},"west":{"uv":[4.125,3.125,3.625,3.5],"tintindex":-2,"rotation":0,"texture":"#0"},"up":{"uv":[4.125,3.125,4.625,2.625],"tintindex":-2,"rotation":0,"texture":"#0"},"down":{"uv":[4.625,2.625,5.125,3.125],"tintindex":-2,"rotation":0,"texture":"#0"}}},{"from":[5.0,9.0,5.0],"to":[11.0,12.0,11.0],"faces":{"east":{"uv":[9.5,8.375,8.75,8.75],"tintindex":-2,"rotation":0,"texture":"#0"},"south":{"uv":[10.25,8.375,9.5,8.75],"tintindex":-2,"rotation":0,"texture":"#0"},"north":{"uv":[8.75,8.375,8.0,8.75],"tintindex":-2,"rotation":0,"texture":"#0"},"west":{"uv":[8.0,8.375,7.25,8.75],"tintindex":-2,"rotation":0,"texture":"#0"},"up":{"uv":[8.0,8.375,8.75,7.625],"tintindex":-2,"rotation":0,"texture":"#0"},"down":{"uv":[8.75,7.625,9.5,8.375],"tintindex":-2,"rotation":0,"texture":"#0"}}}],"display":{"gui":{"rotation":[30,225,0]}}}