{"textures":{"0":"modelengine:entity/sleeping_minotaur","particle":"#0"},"elements":[{"from":[8.0,-9.0,5.0],"to":[14.0,10.0,12.0],"faces":{"east":{"uv":[7.25,5.25,6.375,7.625],"tintindex":0,"rotation":0,"texture":"#0"},"south":{"uv":[8.0,5.25,7.25,7.625],"tintindex":0,"rotation":0,"texture":"#0"},"north":{"uv":[6.375,5.25,5.625,7.625],"tintindex":0,"rotation":0,"texture":"#0"},"west":{"uv":[5.625,5.25,4.75,7.625],"tintindex":0,"rotation":0,"texture":"#0"},"up":{"uv":[5.625,5.25,6.375,4.375],"tintindex":0,"rotation":0,"texture":"#0"},"down":{"uv":[6.375,4.375,7.125,5.25],"tintindex":0,"rotation":0,"texture":"#0"}}},{"from":[7.75,-9.25,4.75],"to":[14.25,10.25,12.25],"faces":{"east":{"uv":[14.0,0.875,13.125,3.25],"tintindex":0,"rotation":0,"texture":"#0"},"south":{"uv":[14.75,0.875,14.0,3.25],"tintindex":0,"rotation":0,"texture":"#0"},"north":{"uv":[13.125,0.875,12.375,3.25],"tintindex":0,"rotation":0,"texture":"#0"},"west":{"uv":[12.375,0.875,11.5,3.25],"tintindex":0,"rotation":0,"texture":"#0"},"up":{"uv":[12.375,0.875,13.125,0.0],"tintindex":0,"rotation":0,"texture":"#0"},"down":{"uv":[13.125,0.0,13.875,0.875],"tintindex":0,"rotation":0,"texture":"#0"}}}],"display":{"head":{"rotation":[0.0,0.0,0.0]},"firstperson_righthand":{"rotation":[0.0,0.0,0.0]},"thirdperson_lefthand":{"rotation":[0.0,-0.0,-0.0]},"firstperson_lefthand":{"rotation":[0.0,-0.0,-0.0]},"fixed":{"rotation":[0.0,0.0,0.0]},"ground":{"rotation":[0.0,0.0,0.0]},"thirdperson_righthand":{"rotation":[0.0,0.0,0.0]},"gui":{"rotation":[-150.0,-45.0,180.0]}}}