{"textures":{"0":"modelengine:entity/crimson_demon_underlit"},"elements":[{"from":[7.9599686,2.9422302,0.5],"to":[21.959969,8.94223,13.5],"faces":{"east":{"uv":[8.0,9.4375,7.1875,9.8125],"tintindex":-2,"rotation":0,"texture":"#0"},"south":{"uv":[9.875,4.8125,9.0,5.1875],"tintindex":-2,"rotation":0,"texture":"#0"},"north":{"uv":[6.625,4.5,5.75,4.875],"tintindex":-2,"rotation":0,"texture":"#0"},"west":{"uv":[1.25,9.4375,0.4375,9.8125],"tintindex":-2,"rotation":0,"texture":"#0"},"up":{"uv":[3.75,8.625,4.625,7.8125],"tintindex":-2,"rotation":0,"texture":"#0"},"down":{"uv":[8.0,1.125,8.875,1.9375],"tintindex":-2,"rotation":0,"texture":"#0"}}}],"display":{"gui":{"rotation":[30,225,0]}}}