{"textures":{"0":"modelengine:entity/crimson_demon_underlit","particle":"#0"},"elements":[{"from":[4.5,4.5,0.0],"to":[11.5,11.5,16.0],"faces":{"east":{"uv":[9.0,4.375,10.0,4.8125],"tintindex":0,"rotation":0,"texture":"#0"},"south":{"uv":[5.5,9.6875,5.9375,10.125],"tintindex":0,"rotation":0,"texture":"#0"},"north":{"uv":[2.625,9.625,3.0625,10.0625],"tintindex":0,"rotation":0,"texture":"#0"},"west":{"uv":[10.0,4.375,9.0,4.8125],"tintindex":0,"rotation":0,"texture":"#0"},"up":{"uv":[0.0,8.9375,0.4375,9.9375],"tintindex":0,"rotation":0,"texture":"#0"},"down":{"uv":[1.25,9.0,1.6875,10.0],"tintindex":0,"rotation":0,"texture":"#0"}}}],"display":{"gui":{"rotation":[-150.0,-45.0,180.0]}}}