{"textures":{"0":"modelengine:entity/crimson_demon_underlit","particle":"#0"},"elements":[{"from":[-0.5,8.095209,-6.01884],"to":[16.5,8.095209,3.4811602],"faces":{"up":{"uv":[4.25,3.8125,2.125,2.625],"tintindex":0,"rotation":0,"texture":"#0"},"down":{"uv":[2.125,2.625,4.25,3.8125],"tintindex":0,"rotation":0,"texture":"#0"}},"rotation":{"origin":[8.0,8.095209,-5.76884],"angle":-22.5,"axis":"x"}},{"from":[-0.5,-2.5,-6.0],"to":[16.5,8.0,8.0],"faces":{"east":{"uv":[0.0,3.5,1.75,4.8125],"tintindex":0,"rotation":0,"texture":"#0"},"south":{"uv":[2.125,1.3125,4.25,2.625],"tintindex":0,"rotation":0,"texture":"#0"},"north":{"uv":[2.125,0.0,4.25,1.3125],"tintindex":0,"rotation":0,"texture":"#0"},"west":{"uv":[1.75,3.5,0.0,4.8125],"tintindex":0,"rotation":0,"texture":"#0"},"up":{"uv":[2.125,1.75,0.0,0.0],"tintindex":0,"rotation":0,"texture":"#0"},"down":{"uv":[2.125,1.75,0.0,3.5],"tintindex":0,"rotation":0,"texture":"#0"}}},{"from":[13.40901,-6.34099,-6.0],"to":[13.40901,-1.8409901,8.0],"faces":{"east":{"uv":[9.0625,0.0,7.3125,0.5625],"tintindex":0,"rotation":0,"texture":"#0"},"west":{"uv":[7.3125,0.0,9.0625,0.5625],"tintindex":0,"rotation":0,"texture":"#0"}},"rotation":{"origin":[13.40901,-4.09099,1.0],"angle":-45.0,"axis":"z"}},{"from":[2.59099,-6.34099,-6.0],"to":[2.59099,-1.8409901,8.0],"faces":{"east":{"uv":[7.3125,0.0,9.0625,0.5625],"tintindex":0,"rotation":0,"texture":"#0"},"west":{"uv":[7.3125,0.0,9.0625,0.5625],"tintindex":0,"rotation":0,"texture":"#0"}},"rotation":{"origin":[2.59099,-4.09099,1.0],"angle":45.0,"axis":"z"}},{"from":[-0.5,-7.0,-6.0],"to":[16.5,-2.5,-6.0],"faces":{"south":{"uv":[1.375,7.0,3.5,7.5625],"tintindex":0,"rotation":0,"texture":"#0"},"north":{"uv":[1.375,7.0,3.5,7.5625],"tintindex":0,"rotation":0,"texture":"#0"}}}],"display":{"head":{"rotation":[0.0,0.0,0.0]},"firstperson_righthand":{"rotation":[0.0,0.0,0.0]},"thirdperson_lefthand":{"rotation":[0.0,-0.0,-0.0]},"firstperson_lefthand":{"rotation":[0.0,-0.0,-0.0]},"fixed":{"rotation":[0.0,0.0,0.0]},"ground":{"rotation":[0.0,0.0,0.0]},"thirdperson_righthand":{"rotation":[0.0,0.0,0.0]},"gui":{"rotation":[-150.0,-45.0,180.0]}}}