{"textures":{"0":"modelengine:entity/crimson_demon_underlit","particle":"#0"},"elements":[{"from":[3.0,5.0,8.0],"to":[13.0,12.0,24.0],"faces":{"east":{"uv":[8.875,6.8125,9.875,7.25],"tintindex":0,"rotation":0,"texture":"#0"},"south":{"uv":[9.5,3.625,10.125,4.0625],"tintindex":0,"rotation":0,"texture":"#0"},"north":{"uv":[1.6875,9.5,2.3125,9.9375],"tintindex":0,"rotation":0,"texture":"#0"},"west":{"uv":[8.0,8.9375,9.0,9.375],"tintindex":0,"rotation":0,"texture":"#0"},"up":{"uv":[8.875,7.25,8.25,6.25],"tintindex":0,"rotation":0,"texture":"#0"},"down":{"uv":[9.0,7.25,8.375,8.25],"tintindex":0,"rotation":0,"texture":"#0"}}},{"from":[-1.9728003,5.0999985,8.9999695],"to":[4.0271997,12.099998,19.99997],"faces":{"east":{"uv":[8.3125,9.375,9.0,9.8125],"tintindex":0,"rotation":0,"texture":"#0"},"south":{"uv":[9.75,0.4375,10.125,0.875],"tintindex":0,"rotation":0,"texture":"#0"},"north":{"uv":[9.75,0.0,10.125,0.4375],"tintindex":0,"rotation":0,"texture":"#0"},"west":{"uv":[9.5,1.125,10.1875,1.5625],"tintindex":0,"rotation":0,"texture":"#0"},"up":{"uv":[4.875,10.1875,4.5,9.5],"tintindex":0,"rotation":0,"texture":"#0"},"down":{"uv":[5.25,9.5,4.875,10.1875],"tintindex":0,"rotation":0,"texture":"#0"}},"rotation":{"origin":[3.0272002,10.099998,20.99997],"angle":-22.5,"axis":"y"}},{"from":[11.9728,5.0999985,8.9999695],"to":[17.972801,12.099998,19.99997],"faces":{"east":{"uv":[10.1875,1.125,9.5,1.5625],"tintindex":0,"rotation":0,"texture":"#0"},"south":{"uv":[10.125,0.4375,9.75,0.875],"tintindex":0,"rotation":0,"texture":"#0"},"north":{"uv":[10.125,0.0,9.75,0.4375],"tintindex":0,"rotation":0,"texture":"#0"},"west":{"uv":[9.0,9.375,8.3125,9.8125],"tintindex":0,"rotation":0,"texture":"#0"},"up":{"uv":[4.5,10.1875,4.875,9.5],"tintindex":0,"rotation":0,"texture":"#0"},"down":{"uv":[4.875,9.5,5.25,10.1875],"tintindex":0,"rotation":0,"texture":"#0"}},"rotation":{"origin":[12.972799,10.099998,20.99997],"angle":22.5,"axis":"y"}}],"display":{"head":{"rotation":[0.0,0.0,0.0]},"firstperson_righthand":{"rotation":[0.0,0.0,0.0]},"thirdperson_lefthand":{"rotation":[0.0,-0.0,-0.0]},"firstperson_lefthand":{"rotation":[0.0,-0.0,-0.0]},"fixed":{"rotation":[0.0,0.0,0.0]},"ground":{"rotation":[0.0,0.0,0.0]},"thirdperson_righthand":{"rotation":[0.0,0.0,0.0]},"gui":{"rotation":[-150.0,-45.0,180.0]}}}