{"textures":{"0":"modelengine:entity/crimson_demon_underlit","particle":"#0"},"elements":[{"from":[6.5,6.5,-3.5],"to":[9.5,8.0,8.0],"faces":{"east":{"uv":[7.375,3.1875,8.8125,3.375],"tintindex":0,"rotation":0,"texture":"#0"},"south":{"uv":[9.875,6.875,10.25,7.0625],"tintindex":0,"rotation":0,"texture":"#0"},"north":{"uv":[9.8125,5.6875,10.1875,5.875],"tintindex":0,"rotation":0,"texture":"#0"},"west":{"uv":[7.375,3.1875,8.8125,3.375],"tintindex":0,"rotation":0,"texture":"#0"},"up":{"uv":[4.125,10.0625,3.75,8.625],"tintindex":0,"rotation":0,"texture":"#0"},"down":{"uv":[4.5,8.625,4.125,10.0625],"tintindex":0,"rotation":0,"texture":"#0"}}},{"from":[6.5,8.0,-6.5],"to":[6.5,11.5,3.0],"faces":{"east":{"uv":[8.8125,3.1875,10.0,3.625],"tintindex":0,"rotation":0,"texture":"#0"},"west":{"uv":[10.0,3.1875,8.8125,3.625],"tintindex":0,"rotation":0,"texture":"#0"}},"rotation":{"origin":[6.5,8.0,-1.75],"angle":22.5,"axis":"z"}},{"from":[6.5,8.0,-3.5],"to":[9.5,10.0,-3.5],"faces":{"south":{"uv":[8.5,1.9375,8.875,2.1875],"tintindex":0,"rotation":0,"texture":"#0"},"north":{"uv":[8.5,1.9375,8.875,2.1875],"tintindex":0,"rotation":0,"texture":"#0"}},"rotation":{"origin":[8.0,8.0,-3.5],"angle":-22.5,"axis":"x"}},{"from":[9.5,8.0,-6.5],"to":[9.5,11.5,3.0],"faces":{"east":{"uv":[8.8125,3.1875,10.0,3.625],"tintindex":0,"rotation":0,"texture":"#0"},"west":{"uv":[10.0,3.1875,8.8125,3.625],"tintindex":0,"rotation":0,"texture":"#0"}},"rotation":{"origin":[9.5,8.0,-1.75],"angle":-22.5,"axis":"z"}}],"display":{"gui":{"rotation":[-150.0,-45.0,180.0]}}}