{"textures":{"0":"modelengine:entity/crimson_demon_underlit","particle":"#0"},"elements":[{"from":[-5.9599686,2.9422302,0.5],"to":[8.040031,8.94223,13.5],"faces":{"east":{"uv":[0.4375,9.4375,1.25,9.8125],"tintindex":0,"rotation":0,"texture":"#0"},"south":{"uv":[9.0,4.8125,9.875,5.1875],"tintindex":0,"rotation":0,"texture":"#0"},"north":{"uv":[5.75,4.5,6.625,4.875],"tintindex":0,"rotation":0,"texture":"#0"},"west":{"uv":[7.1875,9.4375,8.0,9.8125],"tintindex":0,"rotation":0,"texture":"#0"},"up":{"uv":[4.625,8.625,3.75,7.8125],"tintindex":0,"rotation":0,"texture":"#0"},"down":{"uv":[8.875,1.125,8.0,1.9375],"tintindex":0,"rotation":0,"texture":"#0"}}}],"display":{"head":{"rotation":[0.0,0.0,0.0]},"firstperson_righthand":{"rotation":[0.0,0.0,0.0]},"thirdperson_lefthand":{"rotation":[0.0,-0.0,-0.0]},"firstperson_lefthand":{"rotation":[0.0,-0.0,-0.0]},"fixed":{"rotation":[0.0,0.0,0.0]},"ground":{"rotation":[0.0,0.0,0.0]},"thirdperson_righthand":{"rotation":[0.0,0.0,0.0]},"gui":{"rotation":[-150.0,-45.0,180.0]}}}