{"textures":{"0":"modelengine:entity/crimson_demon_underlit","particle":"#0"},"elements":[{"from":[-1.0,-14.0,1.0],"to":[9.0,13.0,16.0],"faces":{"east":{"uv":[4.875,5.875,5.8125,7.5625],"tintindex":0,"rotation":0,"texture":"#0"},"south":{"uv":[0.0,7.25,0.625,8.9375],"tintindex":0,"rotation":0,"texture":"#0"},"north":{"uv":[6.75,7.125,7.375,8.8125],"tintindex":0,"rotation":0,"texture":"#0"},"west":{"uv":[5.8125,5.875,6.75,7.5625],"tintindex":0,"rotation":0,"texture":"#0"},"up":{"uv":[2.5,9.5,1.875,8.5625],"tintindex":0,"rotation":0,"texture":"#0"},"down":{"uv":[5.25,8.5625,4.625,9.5],"tintindex":0,"rotation":0,"texture":"#0"}}},{"from":[-1.0,-14.0,16.0],"to":[-1.0,13.0,25.0],"faces":{"east":{"uv":[11.3125,1.625,11.875,3.3125],"tintindex":0,"rotation":0,"texture":"#0"},"west":{"uv":[11.875,1.625,11.3125,3.3125],"tintindex":0,"rotation":0,"texture":"#0"}}}],"display":{"gui":{"rotation":[-150.0,-45.0,180.0]}}}