{"textures":{"0":"modelengine:entity/crimson_demon_underlit","particle":"#0"},"elements":[{"from":[1.176775,12.59099,11.75],"to":[8.176775,12.59099,20.25],"faces":{"up":{"uv":[8.25,8.1875,7.375,7.125],"tintindex":0,"rotation":0,"texture":"#0"},"down":{"uv":[7.375,7.125,8.25,8.1875],"tintindex":0,"rotation":0,"texture":"#0"}},"rotation":{"origin":[4.676775,12.59099,11.75],"angle":-22.5,"axis":"x"}},{"from":[-12.823225,8.09099,5.25],"to":[1.176775,12.59099,11.75],"faces":{"east":{"uv":[8.875,6.25,9.6875,6.8125],"tintindex":0,"rotation":0,"texture":"#0"},"south":{"uv":[7.375,2.1875,9.125,2.75],"tintindex":0,"rotation":0,"texture":"#0"},"north":{"uv":[7.3125,0.5625,9.0625,1.125],"tintindex":0,"rotation":0,"texture":"#0"},"west":{"uv":[7.1875,8.875,8.0,9.4375],"tintindex":0,"rotation":0,"texture":"#0"},"up":{"uv":[4.5625,6.8125,2.8125,6.0],"tintindex":0,"rotation":0,"texture":"#0"},"down":{"uv":[8.0,1.375,6.25,2.1875],"tintindex":0,"rotation":0,"texture":"#0"}}},{"from":[-12.823225,12.59099,11.75],"to":[1.176775,12.59099,17.75],"faces":{"up":{"uv":[8.5,6.25,6.75,5.5],"tintindex":0,"rotation":0,"texture":"#0"},"down":{"uv":[6.75,5.5,8.5,6.25],"tintindex":0,"rotation":0,"texture":"#0"}},"rotation":{"origin":[-5.823225,12.59099,11.75],"angle":22.5,"axis":"x"}},{"from":[1.176775,7.09099,3.75],"to":[8.176775,12.59099,11.75],"faces":{"east":{"uv":[8.0,4.5,9.0,5.1875],"tintindex":0,"rotation":0,"texture":"#0"},"south":{"uv":[8.5,5.1875,9.375,5.875],"tintindex":0,"rotation":0,"texture":"#0"},"north":{"uv":[8.375,8.25,9.25,8.9375],"tintindex":0,"rotation":0,"texture":"#0"},"west":{"uv":[7.375,8.1875,8.375,8.875],"tintindex":0,"rotation":0,"texture":"#0"},"up":{"uv":[2.75,8.5625,1.875,7.5625],"tintindex":0,"rotation":0,"texture":"#0"},"down":{"uv":[5.5,7.5625,4.625,8.5625],"tintindex":0,"rotation":0,"texture":"#0"}}}],"display":{"head":{"rotation":[0.0,0.0,0.0]},"firstperson_righthand":{"rotation":[0.0,0.0,0.0]},"thirdperson_lefthand":{"rotation":[0.0,-0.0,-0.0]},"firstperson_lefthand":{"rotation":[0.0,-0.0,-0.0]},"fixed":{"rotation":[0.0,0.0,0.0]},"ground":{"rotation":[0.0,0.0,0.0]},"thirdperson_righthand":{"rotation":[0.0,0.0,0.0]},"gui":{"rotation":[-150.0,-45.0,180.0]}}}