{"textures":{"0":"modelengine:entity/crimson_demon_underlit","particle":"#0"},"elements":[{"from":[7.0,10.833336,5.5],"to":[7.0,19.333336,21.5],"faces":{"east":{"uv":[3.75,3.8125,5.75,4.875],"tintindex":0,"rotation":0,"texture":"#0"},"west":{"uv":[5.75,3.8125,3.75,4.875],"tintindex":0,"rotation":0,"texture":"#0"}}},{"from":[6.0,8.0,5.5],"to":[8.0,11.5,9.5],"faces":{"east":{"uv":[9.5625,7.25,10.0625,7.6875],"tintindex":0,"rotation":0,"texture":"#0"},"south":{"uv":[0.4375,9.8125,0.6875,10.25],"tintindex":0,"rotation":0,"texture":"#0"},"north":{"uv":[6.1875,9.75,6.4375,10.1875],"tintindex":0,"rotation":0,"texture":"#0"},"west":{"uv":[9.625,1.5625,10.125,2.0],"tintindex":0,"rotation":0,"texture":"#0"},"up":{"uv":[2.75,9.0625,2.5,8.5625],"tintindex":0,"rotation":0,"texture":"#0"},"down":{"uv":[6.1875,9.75,5.9375,10.25],"tintindex":0,"rotation":0,"texture":"#0"}}}],"display":{"gui":{"rotation":[-150.0,-45.0,180.0]}}}