{"textures":{"0":"modelengine:entity/crimson_demon_underlit"},"elements":[{"from":[4.0,-15.0,8.0],"to":[12.0,8.0,18.0],"faces":{"east":{"uv":[0.625,7.25,1.25,8.6875],"tintindex":-2,"rotation":0,"texture":"#0"},"south":{"uv":[3.25,7.8125,3.75,9.25],"tintindex":-2,"rotation":0,"texture":"#0"},"north":{"uv":[6.0,7.5625,6.5,9.0],"tintindex":-2,"rotation":0,"texture":"#0"},"west":{"uv":[1.25,7.5625,1.875,9.0],"tintindex":-2,"rotation":0,"texture":"#0"},"up":{"uv":[6.0,9.6875,5.5,9.0625],"tintindex":-2,"rotation":0,"texture":"#0"},"down":{"uv":[9.625,1.875,9.125,2.5],"tintindex":-2,"rotation":0,"texture":"#0"}}}],"display":{"gui":{"rotation":[30,225,0]}}}