{"textures":{"0":"modelengine:entity/crimson_demon_underlit","particle":"#0"},"elements":[{"from":[6.0,1.0,-13.0],"to":[10.0,8.0,8.0],"faces":{"east":{"uv":[7.375,2.75,8.6875,3.1875],"tintindex":0,"rotation":0,"texture":"#0"},"south":{"uv":[7.375,9.8125,7.625,10.25],"tintindex":0,"rotation":0,"texture":"#0"},"north":{"uv":[7.125,9.8125,7.375,10.25],"tintindex":0,"rotation":0,"texture":"#0"},"west":{"uv":[8.6875,2.75,10.0,3.1875],"tintindex":0,"rotation":0,"texture":"#0"},"up":{"uv":[4.875,7.3125,4.625,6.0],"tintindex":0,"rotation":0,"texture":"#0"},"down":{"uv":[5.5,8.5625,5.25,9.875],"tintindex":0,"rotation":0,"texture":"#0"}}}],"display":{"head":{"rotation":[0.0,0.0,0.0]},"firstperson_righthand":{"rotation":[0.0,0.0,0.0]},"thirdperson_lefthand":{"rotation":[0.0,-0.0,-0.0]},"firstperson_lefthand":{"rotation":[0.0,-0.0,-0.0]},"fixed":{"rotation":[0.0,0.0,0.0]},"ground":{"rotation":[0.0,0.0,0.0]},"thirdperson_righthand":{"rotation":[0.0,0.0,0.0]},"gui":{"rotation":[-150.0,-45.0,180.0]}}}