{"textures":{"0":"modelengine:entity/crimson_demon_underlit","particle":"#0"},"elements":[{"from":[4.0,-15.0,8.0],"to":[12.0,8.0,18.0],"faces":{"east":{"uv":[1.875,7.5625,1.25,9.0],"tintindex":0,"rotation":0,"texture":"#0"},"south":{"uv":[3.75,7.8125,3.25,9.25],"tintindex":0,"rotation":0,"texture":"#0"},"north":{"uv":[6.5,7.5625,6.0,9.0],"tintindex":0,"rotation":0,"texture":"#0"},"west":{"uv":[1.25,7.25,0.625,8.6875],"tintindex":0,"rotation":0,"texture":"#0"},"up":{"uv":[5.5,9.6875,6.0,9.0625],"tintindex":0,"rotation":0,"texture":"#0"},"down":{"uv":[9.125,1.875,9.625,2.5],"tintindex":0,"rotation":0,"texture":"#0"}}}],"display":{"head":{"rotation":[0.0,0.0,0.0]},"firstperson_righthand":{"rotation":[0.0,0.0,0.0]},"thirdperson_lefthand":{"rotation":[0.0,-0.0,-0.0]},"firstperson_lefthand":{"rotation":[0.0,-0.0,-0.0]},"fixed":{"rotation":[0.0,0.0,0.0]},"ground":{"rotation":[0.0,0.0,0.0]},"thirdperson_righthand":{"rotation":[0.0,0.0,0.0]},"gui":{"rotation":[-150.0,-45.0,180.0]}}}