{"textures":{"0":"modelengine:entity/crimson_demon_underlit"},"elements":[{"from":[6.75,6.914215,11.292895],"to":[9.25,9.414215,16.792896],"faces":{"east":{"uv":[10.1875,4.0625,9.5,4.375],"tintindex":-2,"rotation":0,"texture":"#0"},"south":{"uv":[8.625,9.8125,8.3125,10.125],"tintindex":-2,"rotation":0,"texture":"#0"},"north":{"uv":[7.9375,9.8125,7.625,10.125],"tintindex":-2,"rotation":0,"texture":"#0"},"west":{"uv":[10.1875,4.0625,9.5,4.375],"tintindex":-2,"rotation":0,"texture":"#0"},"up":{"uv":[9.625,2.6875,9.9375,2.0],"tintindex":-2,"rotation":0,"texture":"#0"},"down":{"uv":[2.3125,9.625,2.625,10.3125],"tintindex":-2,"rotation":0,"texture":"#0"}},"rotation":{"origin":[8.75,8.414215,11.792895],"angle":-45.0,"axis":"x"}},{"from":[7.0,7.914215,16.792896],"to":[9.0,9.414215,20.292894],"faces":{"east":{"uv":[9.8125,5.6875,9.375,5.875],"tintindex":-2,"rotation":0,"texture":"#0"},"south":{"uv":[3.5,7.5625,3.25,7.75],"tintindex":-2,"rotation":0,"texture":"#0"},"north":{"uv":[4.875,7.3125,4.625,7.5],"tintindex":-2,"rotation":0,"texture":"#0"},"west":{"uv":[9.8125,5.6875,9.375,5.875],"tintindex":-2,"rotation":0,"texture":"#0"},"up":{"uv":[0.6875,10.25,0.9375,9.8125],"tintindex":-2,"rotation":0,"texture":"#0"},"down":{"uv":[0.9375,9.8125,1.1875,10.25],"tintindex":-2,"rotation":0,"texture":"#0"}},"rotation":{"origin":[9.0,8.414215,11.792895],"angle":-45.0,"axis":"x"}},{"from":[6.5,7.0,7.0],"to":[9.5,9.5,12.5],"faces":{"east":{"uv":[10.25,7.6875,9.5625,8.0],"tintindex":-2,"rotation":0,"texture":"#0"},"south":{"uv":[10.125,9.5,9.75,9.8125],"tintindex":-2,"rotation":0,"texture":"#0"},"north":{"uv":[2.125,3.5,1.75,3.8125],"tintindex":-2,"rotation":0,"texture":"#0"},"west":{"uv":[10.25,7.6875,9.5625,8.0],"tintindex":-2,"rotation":0,"texture":"#0"},"up":{"uv":[9.0,10.1875,9.375,9.5],"tintindex":-2,"rotation":0,"texture":"#0"},"down":{"uv":[9.375,9.5,9.75,10.1875],"tintindex":-2,"rotation":0,"texture":"#0"}}}],"display":{"gui":{"rotation":[30,225,0]}}}