{"textures":{"0":"modelengine:entity/crimson_demon_underlit","particle":"#0"},"elements":[{"from":[17.0,-14.0,16.0],"to":[17.0,13.0,25.0],"faces":{"east":{"uv":[11.3125,1.625,11.875,3.3125],"tintindex":0,"rotation":0,"texture":"#0"},"west":{"uv":[11.875,1.625,11.3125,3.3125],"tintindex":0,"rotation":0,"texture":"#0"}}},{"from":[7.0,-14.0,1.0],"to":[17.0,13.0,16.0],"faces":{"east":{"uv":[6.75,5.875,5.8125,7.5625],"tintindex":0,"rotation":0,"texture":"#0"},"south":{"uv":[0.625,7.25,0.0,8.9375],"tintindex":0,"rotation":0,"texture":"#0"},"north":{"uv":[7.375,7.125,6.75,8.8125],"tintindex":0,"rotation":0,"texture":"#0"},"west":{"uv":[5.8125,5.875,4.875,7.5625],"tintindex":0,"rotation":0,"texture":"#0"},"up":{"uv":[1.875,9.5,2.5,8.5625],"tintindex":0,"rotation":0,"texture":"#0"},"down":{"uv":[4.625,8.5625,5.25,9.5],"tintindex":0,"rotation":0,"texture":"#0"}}}],"display":{"head":{"rotation":[0.0,0.0,0.0]},"firstperson_righthand":{"rotation":[0.0,0.0,0.0]},"thirdperson_lefthand":{"rotation":[0.0,-0.0,-0.0]},"firstperson_lefthand":{"rotation":[0.0,-0.0,-0.0]},"fixed":{"rotation":[0.0,0.0,0.0]},"ground":{"rotation":[0.0,0.0,0.0]},"thirdperson_righthand":{"rotation":[0.0,0.0,0.0]},"gui":{"rotation":[-150.0,-45.0,180.0]}}}