{"textures":{"0":"modelengine:entity/crimson_demon_underlit","particle":"#0"},"elements":[{"from":[8.146446,4.1819916,6.5],"to":[13.146446,8.181992,9.5],"faces":{"east":{"uv":[6.6875,8.5625,6.5,8.8125],"tintindex":0,"rotation":0,"texture":"#0"},"south":{"uv":[10.1875,6.625,9.875,6.875],"tintindex":0,"rotation":0,"texture":"#0"},"north":{"uv":[10.0625,0.875,9.75,1.125],"tintindex":0,"rotation":0,"texture":"#0"},"west":{"uv":[8.0,1.125,7.8125,1.375],"tintindex":0,"rotation":0,"texture":"#0"},"up":{"uv":[10.1875,7.0625,9.875,7.25],"tintindex":0,"rotation":0,"texture":"#0"},"down":{"uv":[10.1875,8.0,9.875,8.1875],"tintindex":0,"rotation":0,"texture":"#0"}}},{"from":[12.918091,9.33004,6.5],"to":[12.918091,14.33004,9.5],"faces":{"east":{"uv":[0.625,8.9375,0.4375,9.25],"tintindex":0,"rotation":0,"texture":"#0"},"west":{"uv":[9.0625,1.875,8.875,2.1875],"tintindex":0,"rotation":0,"texture":"#0"}},"rotation":{"origin":[15.918091,9.33004,8.0],"angle":22.5,"axis":"z"}},{"from":[17.0,2.0,8.0],"to":[22.0,7.0,8.0],"faces":{"south":{"uv":[8.625,9.8125,8.9375,10.125],"tintindex":0,"rotation":0,"texture":"#0"},"north":{"uv":[8.9375,9.8125,8.625,10.125],"tintindex":0,"rotation":0,"texture":"#0"}},"rotation":{"origin":[13.5,5.0,8.0],"angle":-45.0,"axis":"z"}},{"from":[11.0,3.0,6.5],"to":[19.0,7.0,9.5],"faces":{"east":{"uv":[9.1875,8.0,9.0,8.25],"tintindex":0,"rotation":0,"texture":"#0"},"south":{"uv":[8.5,5.1875,8.0,5.4375],"tintindex":0,"rotation":0,"texture":"#0"},"north":{"uv":[8.5,1.9375,8.0,2.1875],"tintindex":0,"rotation":0,"texture":"#0"},"west":{"uv":[1.875,9.0,1.6875,9.25],"tintindex":0,"rotation":0,"texture":"#0"},"up":{"uv":[3.3125,6.8125,2.8125,7.0],"tintindex":0,"rotation":0,"texture":"#0"},"down":{"uv":[9.625,2.5,9.125,2.6875],"tintindex":0,"rotation":0,"texture":"#0"}},"rotation":{"origin":[13.5,5.0,8.0],"angle":-45.0,"axis":"z"}}],"display":{"head":{"rotation":[0.0,0.0,0.0]},"firstperson_righthand":{"rotation":[0.0,0.0,0.0]},"thirdperson_lefthand":{"rotation":[0.0,-0.0,-0.0]},"firstperson_lefthand":{"rotation":[0.0,-0.0,-0.0]},"fixed":{"rotation":[0.0,0.0,0.0]},"ground":{"rotation":[0.0,0.0,0.0]},"thirdperson_righthand":{"rotation":[0.0,0.0,0.0]},"gui":{"rotation":[-150.0,-45.0,180.0]}}}