{"textures":{"0":"modelengine:entity/crimson_demon_underlit","particle":"#0"},"elements":[{"from":[14.823225,8.09099,5.25],"to":[28.823225,12.59099,11.75],"faces":{"east":{"uv":[8.0,8.875,7.1875,9.4375],"tintindex":0,"rotation":0,"texture":"#0"},"south":{"uv":[9.125,2.1875,7.375,2.75],"tintindex":0,"rotation":0,"texture":"#0"},"north":{"uv":[9.0625,0.5625,7.3125,1.125],"tintindex":0,"rotation":0,"texture":"#0"},"west":{"uv":[9.6875,6.25,8.875,6.8125],"tintindex":0,"rotation":0,"texture":"#0"},"up":{"uv":[2.8125,6.8125,4.5625,6.0],"tintindex":0,"rotation":0,"texture":"#0"},"down":{"uv":[6.25,1.375,8.0,2.1875],"tintindex":0,"rotation":0,"texture":"#0"}}},{"from":[7.823225,7.09099,3.75],"to":[14.823225,12.59099,11.75],"faces":{"east":{"uv":[8.375,8.1875,7.375,8.875],"tintindex":0,"rotation":0,"texture":"#0"},"south":{"uv":[9.375,5.1875,8.5,5.875],"tintindex":0,"rotation":0,"texture":"#0"},"north":{"uv":[9.25,8.25,8.375,8.9375],"tintindex":0,"rotation":0,"texture":"#0"},"west":{"uv":[9.0,4.5,8.0,5.1875],"tintindex":0,"rotation":0,"texture":"#0"},"up":{"uv":[1.875,8.5625,2.75,7.5625],"tintindex":0,"rotation":0,"texture":"#0"},"down":{"uv":[4.625,7.5625,5.5,8.5625],"tintindex":0,"rotation":0,"texture":"#0"}}},{"from":[7.823225,12.59099,11.75],"to":[14.823225,12.59099,20.25],"faces":{"up":{"uv":[7.375,8.1875,8.25,7.125],"tintindex":0,"rotation":0,"texture":"#0"},"down":{"uv":[8.25,7.125,7.375,8.1875],"tintindex":0,"rotation":0,"texture":"#0"}},"rotation":{"origin":[11.323225,12.59099,11.75],"angle":-22.5,"axis":"x"}},{"from":[14.823225,12.59099,11.75],"to":[28.823225,12.59099,17.75],"faces":{"up":{"uv":[6.75,6.25,8.5,5.5],"tintindex":0,"rotation":0,"texture":"#0"},"down":{"uv":[8.5,5.5,6.75,6.25],"tintindex":0,"rotation":0,"texture":"#0"}},"rotation":{"origin":[21.823225,12.59099,11.75],"angle":22.5,"axis":"x"}}],"display":{"head":{"rotation":[0.0,0.0,0.0]},"firstperson_righthand":{"rotation":[0.0,0.0,0.0]},"thirdperson_lefthand":{"rotation":[0.0,-0.0,-0.0]},"firstperson_lefthand":{"rotation":[0.0,-0.0,-0.0]},"fixed":{"rotation":[0.0,0.0,0.0]},"ground":{"rotation":[0.0,0.0,0.0]},"thirdperson_righthand":{"rotation":[0.0,0.0,0.0]},"gui":{"rotation":[-150.0,-45.0,180.0]}}}