{"textures":{"0":"modelengine:entity/crimson_demon_underlit"},"elements":[{"from":[6.5,6.5,0.0],"to":[9.5,9.5,16.0],"faces":{"east":{"uv":[6.25,2.1875,7.25,2.375],"tintindex":-2,"rotation":0,"texture":"#0"},"south":{"uv":[0.4375,9.25,0.625,9.4375],"tintindex":-2,"rotation":0,"texture":"#0"},"north":{"uv":[3.3125,6.8125,3.5,7.0],"tintindex":-2,"rotation":0,"texture":"#0"},"west":{"uv":[6.25,2.1875,7.25,2.375],"tintindex":-2,"rotation":0,"texture":"#0"},"up":{"uv":[6.6875,8.5625,6.5,7.5625],"tintindex":-2,"rotation":0,"texture":"#0"},"down":{"uv":[3.6875,9.25,3.5,10.25],"tintindex":-2,"rotation":0,"texture":"#0"}}}],"display":{"gui":{"rotation":[30,225,0]}}}