{"textures":{"0":"modelengine:entity/crimson_demon_underlit"},"elements":[{"from":[8.0,8.0,5.5],"to":[10.0,11.5,9.5],"faces":{"east":{"uv":[10.125,1.5625,9.625,2.0],"tintindex":-2,"rotation":0,"texture":"#0"},"south":{"uv":[0.6875,9.8125,0.4375,10.25],"tintindex":-2,"rotation":0,"texture":"#0"},"north":{"uv":[6.4375,9.75,6.1875,10.1875],"tintindex":-2,"rotation":0,"texture":"#0"},"west":{"uv":[10.0625,7.25,9.5625,7.6875],"tintindex":-2,"rotation":0,"texture":"#0"},"up":{"uv":[2.5,9.0625,2.75,8.5625],"tintindex":-2,"rotation":0,"texture":"#0"},"down":{"uv":[5.9375,9.75,6.1875,10.25],"tintindex":-2,"rotation":0,"texture":"#0"}}},{"from":[9.0,10.833336,5.5],"to":[9.0,19.333336,21.5],"faces":{"east":{"uv":[3.75,3.8125,5.75,4.875],"tintindex":-2,"rotation":0,"texture":"#0"},"west":{"uv":[5.75,3.8125,3.75,4.875],"tintindex":-2,"rotation":0,"texture":"#0"}}}],"display":{"gui":{"rotation":[30,225,0]}}}