{
    "death": {
        "sounds": [
            "littleroom_crimsondemon:death"
        ]
    },
    "flamethrower_loop": {
        "sounds": [
            "littleroom_crimsondemon:flamethrower_loop",
            "littleroom_crimsondemon:flamethrower_loop_2"
        ]
    },
    "grunt": {
        "sounds": [
            "littleroom_crimsondemon:grunt_1",
            "littleroom_crimsondemon:grunt_2",
            "littleroom_crimsondemon:grunt_3"
        ]
    },
    "idle": {
        "sounds": [
            "littleroom_crimsondemon:idle_1",
            "littleroom_crimsondemon:idle_2",
            "littleroom_crimsondemon:idle_3"
        ]
    },
    "inhale": {
        "sounds": [
            "littleroom_crimsondemon:inhale"
        ]
    },
    "laugh": {
        "sounds": [
            "littleroom_crimsondemon:laugh_1",
            "littleroom_crimsondemon:laugh_2",
            "littleroom_crimsondemon:laugh_3"
        ]
    },
    "leap": {
        "sounds": [
            "littleroom_crimsondemon:leap_1",
            "littleroom_crimsondemon:leap_2"
        ]
    },
    "roar": {
        "sounds": [
            "littleroom_crimsondemon:roar"
        ]
    },
    "summon": {
        "sounds": [
            "littleroom_crimsondemon:summon"
        ]
    },
    "swing": {
        "sounds": [
            "littleroom_crimsondemon:swing_1",
            "littleroom_crimsondemon:swing_2"
        ]
    }
}