{"model":{"type":"range_dispatch","property":"custom_model_data","index":0,"fallback":{"type":"model","tints":[{"type":"dye","default":-6265536}],"model":"item/leather_horse_armor"},"entries":[{"threshold":1,"model":{"type":"model","tints":[{"type":"dye","default":-6265536}],"model":"modelengine:littleroom_crimsondemon/summon"}},{"threshold":2,"model":{"type":"model","tints":[{"type":"dye","default":-6265536}],"model":"modelengine:littleroom_crimsondemon/pelvis"}},{"threshold":3,"model":{"type":"model","tints":[{"type":"dye","default":-6265536}],"model":"modelengine:littleroom_crimsondemon/chest_2"}},{"threshold":4,"model":{"type":"model","tints":[{"type":"dye","default":-6265536}],"model":"modelengine:littleroom_crimsondemon/left_thigh"}},{"threshold":5,"model":{"type":"model","tints":[{"type":"dye","default":-6265536}],"model":"modelengine:littleroom_crimsondemon/right_thigh"}},{"threshold":6,"model":{"type":"model","tints":[{"type":"dye","default":-6265536}],"model":"modelengine:littleroom_crimsondemon/chest_1"}},{"threshold":7,"model":{"type":"model","tints":[{"type":"dye","default":-6265536}],"model":"modelengine:littleroom_crimsondemon/08c5e42b-5847-beec-9ca0-7170e6a2d79d"}},{"threshold":8,"model":{"type":"model","tints":[{"type":"dye","default":-6265536}],"model":"modelengine:littleroom_crimsondemon/left_shin"}},{"threshold":9,"model":{"type":"model","tints":[{"type":"dye","default":-6265536}],"model":"modelengine:littleroom_crimsondemon/right_shin"}},{"threshold":10,"model":{"type":"model","tints":[{"type":"dye","default":-6265536}],"model":"modelengine:littleroom_crimsondemon/right_arm"}},{"threshold":11,"model":{"type":"model","tints":[{"type":"dye","default":-6265536}],"model":"modelengine:littleroom_crimsondemon/right_wing"}},{"threshold":12,"model":{"type":"model","tints":[{"type":"dye","default":-6265536}],"model":"modelengine:littleroom_crimsondemon/left_arm"}},{"threshold":13,"model":{"type":"model","tints":[{"type":"dye","default":-6265536}],"model":"modelengine:littleroom_crimsondemon/left_wing"}},{"threshold":14,"model":{"type":"model","tints":[{"type":"dye","default":-6265536}],"model":"modelengine:littleroom_crimsondemon/neck"}},{"threshold":15,"model":{"type":"model","tints":[{"type":"dye","default":-6265536}],"model":"modelengine:littleroom_crimsondemon/afa0f73e-14a0-a383-31e8-8a7aaf2a0c82"}},{"threshold":16,"model":{"type":"model","tints":[{"type":"dye","default":-6265536}],"model":"modelengine:littleroom_crimsondemon/left_shin_2"}},{"threshold":17,"model":{"type":"model","tints":[{"type":"dye","default":-6265536}],"model":"modelengine:littleroom_crimsondemon/right_shin_2"}},{"threshold":18,"model":{"type":"model","tints":[{"type":"dye","default":-6265536}],"model":"modelengine:littleroom_crimsondemon/right_forearm"}},{"threshold":19,"model":{"type":"model","tints":[{"type":"dye","default":-6265536}],"model":"modelengine:littleroom_crimsondemon/right_wing_2"}},{"threshold":20,"model":{"type":"model","tints":[{"type":"dye","default":-6265536}],"model":"modelengine:littleroom_crimsondemon/left_forearm"}},{"threshold":21,"model":{"type":"model","tints":[{"type":"dye","default":-6265536}],"model":"modelengine:littleroom_crimsondemon/left_wing_2"}},{"threshold":22,"model":{"type":"model","tints":[{"type":"dye","default":-6265536}],"model":"modelengine:littleroom_crimsondemon/head_base"}},{"threshold":23,"model":{"type":"model","tints":[{"type":"dye","default":-6265536}],"model":"modelengine:littleroom_crimsondemon/a3a2d3d9-5ad6-436b-1ca4-88bd47685821"}},{"threshold":24,"model":{"type":"model","tints":[{"type":"dye","default":-6265536}],"model":"modelengine:littleroom_crimsondemon/left_foot"}},{"threshold":25,"model":{"type":"model","tints":[{"type":"dye","default":-6265536}],"model":"modelengine:littleroom_crimsondemon/right_foot"}},{"threshold":26,"model":{"type":"model","tints":[{"type":"dye","default":-6265536}],"model":"modelengine:littleroom_crimsondemon/right_hand"}},{"threshold":27,"model":{"type":"model","tints":[{"type":"dye","default":-6265536}],"model":"modelengine:littleroom_crimsondemon/right_wing_3"}},{"threshold":28,"model":{"type":"model","tints":[{"type":"dye","default":-6265536}],"model":"modelengine:littleroom_crimsondemon/left_hand"}},{"threshold":29,"model":{"type":"model","tints":[{"type":"dye","default":-6265536}],"model":"modelengine:littleroom_crimsondemon/left_wing_3"}},{"threshold":30,"model":{"type":"model","tints":[{"type":"dye","default":-6265536}],"model":"modelengine:littleroom_crimsondemon/head"}},{"threshold":31,"model":{"type":"model","tints":[{"type":"dye","default":-6265536}],"model":"modelengine:littleroom_crimsondemon/jaw"}},{"threshold":32,"model":{"type":"model","tints":[{"type":"dye","default":-6265536}],"model":"modelengine:littleroom_crimsondemon/7b2ebd68-55d8-ae6d-e201-a89cb97075ed"}},{"threshold":33,"model":{"type":"model","tints":[{"type":"dye","default":-6265536}],"model":"modelengine:littleroom_crimsondemon/right_hand_finger_1"}},{"threshold":34,"model":{"type":"model","tints":[{"type":"dye","default":-6265536}],"model":"modelengine:littleroom_crimsondemon/right_hand_finger_2"}},{"threshold":35,"model":{"type":"model","tints":[{"type":"dye","default":-6265536}],"model":"modelengine:littleroom_crimsondemon/right_hand_finger_3"}},{"threshold":36,"model":{"type":"model","tints":[{"type":"dye","default":-6265536}],"model":"modelengine:littleroom_crimsondemon/right_hand_finger_4"}},{"threshold":37,"model":{"type":"model","tints":[{"type":"dye","default":-6265536}],"model":"modelengine:littleroom_crimsondemon/left_hand_finger_1"}},{"threshold":38,"model":{"type":"model","tints":[{"type":"dye","default":-6265536}],"model":"modelengine:littleroom_crimsondemon/left_hand_finger_4"}},{"threshold":39,"model":{"type":"model","tints":[{"type":"dye","default":-6265536}],"model":"modelengine:littleroom_crimsondemon/left_hand_finger_3"}},{"threshold":40,"model":{"type":"model","tints":[{"type":"dye","default":-6265536}],"model":"modelengine:littleroom_crimsondemon/left_hand_finger_2"}},{"threshold":41,"model":{"type":"model","tints":[{"type":"dye","default":-6265536}],"model":"modelengine:littleroom_crimsondemon/right_horn"}},{"threshold":42,"model":{"type":"model","tints":[{"type":"dye","default":-6265536}],"model":"modelengine:littleroom_crimsondemon/left_horn"}},{"threshold":43,"model":{"type":"model","tints":[{"type":"dye","default":-6265536}],"model":"modelengine:littleroom_crimsondemon/069bb019-298c-fe84-3b1b-408420202edc"}},{"threshold":44,"model":{"type":"model","tints":[{"type":"dye","default":-6265536}],"model":"modelengine:littleroom_crimsondemon_ground_fx/rock_1"}},{"threshold":45,"model":{"type":"model","tints":[{"type":"dye","default":-6265536}],"model":"modelengine:littleroom_crimsondemon_ground_fx/dust_circle_1"}},{"threshold":46,"model":{"type":"model","tints":[{"type":"dye","default":-6265536}],"model":"modelengine:littleroom_crimsondemon_ground_fx/dust_circle_2"}},{"threshold":47,"model":{"type":"model","tints":[{"type":"dye","default":-6265536}],"model":"modelengine:littleroom_crimsondemon_ground_fx/rock_4"}},{"threshold":48,"model":{"type":"model","tints":[{"type":"dye","default":-6265536}],"model":"modelengine:littleroom_crimsondemon_ground_fx/dust_circle_3"}},{"threshold":49,"model":{"type":"model","tints":[{"type":"dye","default":-6265536}],"model":"modelengine:littleroom_crimsondemon_ground_fx/rock_3"}},{"threshold":50,"model":{"type":"model","tints":[{"type":"dye","default":-6265536}],"model":"modelengine:littleroom_crimsondemon_ground_fx/rock_2"}},{"threshold":51,"model":{"type":"model","tints":[{"type":"dye","default":-6265536}],"model":"modelengine:littleroom_crimsondemon_ground_fx/dust_4"}},{"threshold":52,"model":{"type":"model","tints":[{"type":"dye","default":-6265536}],"model":"modelengine:littleroom_crimsondemon_ground_fx/dust_3"}},{"threshold":53,"model":{"type":"model","tints":[{"type":"dye","default":-6265536}],"model":"modelengine:littleroom_crimsondemon_ground_fx/dust_2"}},{"threshold":54,"model":{"type":"model","tints":[{"type":"dye","default":-6265536}],"model":"modelengine:littleroom_crimsondemon_ground_fx/dust_1"}},{"threshold":55,"model":{"type":"model","tints":[{"type":"dye","default":-6265536}],"model":"modelengine:littleroom_crimsondemon_ground_fx/ground_cracks"}},{"threshold":56,"model":{"type":"model","tints":[{"type":"dye","default":-6265536}],"model":"modelengine:ground_with_roots/ground_with_roots"}},{"threshold":57,"model":{"type":"model","tints":[{"type":"dye","default":-6265536}],"model":"modelengine:minotaur/left_leg"}},{"threshold":58,"model":{"type":"model","tints":[{"type":"dye","default":-6265536}],"model":"modelengine:minotaur/right_leg"}},{"threshold":59,"model":{"type":"model","tints":[{"type":"dye","default":-6265536}],"model":"modelengine:minotaur/main_body"}},{"threshold":60,"model":{"type":"model","tints":[{"type":"dye","default":-6265536}],"model":"modelengine:minotaur/ground_with_roots"}},{"threshold":61,"model":{"type":"model","tints":[{"type":"dye","default":-6265536}],"model":"modelengine:minotaur/head"}},{"threshold":62,"model":{"type":"model","tints":[{"type":"dye","default":-6265536}],"model":"modelengine:minotaur/right_hand"}},{"threshold":63,"model":{"type":"model","tints":[{"type":"dye","default":-6265536}],"model":"modelengine:minotaur/tail"}},{"threshold":64,"model":{"type":"model","tints":[{"type":"dye","default":-6265536}],"model":"modelengine:minotaur/left_hand"}},{"threshold":65,"model":{"type":"model","tints":[{"type":"dye","default":-6265536}],"model":"modelengine:minotaur/eye"}},{"threshold":66,"model":{"type":"model","tints":[{"type":"dye","default":-6265536}],"model":"modelengine:minotaur/red_eye_light"}},{"threshold":67,"model":{"type":"model","tints":[{"type":"dye","default":-6265536}],"model":"modelengine:minotaur/ring"}},{"threshold":68,"model":{"type":"model","tints":[{"type":"dye","default":-6265536}],"model":"modelengine:sleeping_minotaur/left_bolt"}},{"threshold":69,"model":{"type":"model","tints":[{"type":"dye","default":-6265536}],"model":"modelengine:sleeping_minotaur/right_bolt"}},{"threshold":70,"model":{"type":"model","tints":[{"type":"dye","default":-6265536}],"model":"modelengine:sleeping_minotaur/left_chain"}},{"threshold":71,"model":{"type":"model","tints":[{"type":"dye","default":-6265536}],"model":"modelengine:sleeping_minotaur/left_leg"}},{"threshold":72,"model":{"type":"model","tints":[{"type":"dye","default":-6265536}],"model":"modelengine:sleeping_minotaur/right_leg"}},{"threshold":73,"model":{"type":"model","tints":[{"type":"dye","default":-6265536}],"model":"modelengine:sleeping_minotaur/main_body"}},{"threshold":74,"model":{"type":"model","tints":[{"type":"dye","default":-6265536}],"model":"modelengine:sleeping_minotaur/right_chain"}},{"threshold":75,"model":{"type":"model","tints":[{"type":"dye","default":-6265536}],"model":"modelengine:sleeping_minotaur/left_chain2"}},{"threshold":76,"model":{"type":"model","tints":[{"type":"dye","default":-6265536}],"model":"modelengine:sleeping_minotaur/head"}},{"threshold":77,"model":{"type":"model","tints":[{"type":"dye","default":-6265536}],"model":"modelengine:sleeping_minotaur/right_hand"}},{"threshold":78,"model":{"type":"model","tints":[{"type":"dye","default":-6265536}],"model":"modelengine:sleeping_minotaur/tail"}},{"threshold":79,"model":{"type":"model","tints":[{"type":"dye","default":-6265536}],"model":"modelengine:sleeping_minotaur/left_hand"}},{"threshold":80,"model":{"type":"model","tints":[{"type":"dye","default":-6265536}],"model":"modelengine:sleeping_minotaur/right_chain2"}},{"threshold":81,"model":{"type":"model","tints":[{"type":"dye","default":-6265536}],"model":"modelengine:sleeping_minotaur/left_chain3"}},{"threshold":82,"model":{"type":"model","tints":[{"type":"dye","default":-6265536}],"model":"modelengine:sleeping_minotaur/eye"}},{"threshold":83,"model":{"type":"model","tints":[{"type":"dye","default":-6265536}],"model":"modelengine:sleeping_minotaur/closed_eye"}},{"threshold":84,"model":{"type":"model","tints":[{"type":"dye","default":-6265536}],"model":"modelengine:sleeping_minotaur/ring"}},{"threshold":85,"model":{"type":"model","tints":[{"type":"dye","default":-6265536}],"model":"modelengine:sleeping_minotaur/right_chain3"}},{"threshold":86,"model":{"type":"model","tints":[{"type":"dye","default":-6265536}],"model":"modelengine:sleeping_minotaur/left_chain4"}},{"threshold":87,"model":{"type":"model","tints":[{"type":"dye","default":-6265536}],"model":"modelengine:sleeping_minotaur/right_chain4"}},{"threshold":88,"model":{"type":"model","tints":[{"type":"dye","default":-6265536}],"model":"modelengine:sleeping_minotaur/left_chain5"}},{"threshold":89,"model":{"type":"model","tints":[{"type":"dye","default":-6265536}],"model":"modelengine:sleeping_minotaur/right_chain5"}},{"threshold":90,"model":{"type":"model","tints":[{"type":"dye","default":-6265536}],"model":"modelengine:sleeping_minotaur/left_chain6"}},{"threshold":91,"model":{"type":"model","tints":[{"type":"dye","default":-6265536}],"model":"modelengine:sleeping_minotaur/right_chain6"}},{"threshold":92,"model":{"type":"model","tints":[{"type":"dye","default":-6265536}],"model":"modelengine:sleeping_minotaur/left_chain7"}},{"threshold":93,"model":{"type":"model","tints":[{"type":"dye","default":-6265536}],"model":"modelengine:sleeping_minotaur/right_chain7"}},{"threshold":94,"model":{"type":"model","tints":[{"type":"dye","default":-6265536}],"model":"modelengine:sleeping_minotaur/left_chain8"}},{"threshold":95,"model":{"type":"model","tints":[{"type":"dye","default":-6265536}],"model":"modelengine:sleeping_minotaur/right_chain8"}}]}}