{"overrides":[{"predicate":{"custom_model_data":1},"model":"modelengine:littleroom_crimsondemon/summon"},{"predicate":{"custom_model_data":2},"model":"modelengine:littleroom_crimsondemon/pelvis"},{"predicate":{"custom_model_data":3},"model":"modelengine:littleroom_crimsondemon/chest_2"},{"predicate":{"custom_model_data":4},"model":"modelengine:littleroom_crimsondemon/left_thigh"},{"predicate":{"custom_model_data":5},"model":"modelengine:littleroom_crimsondemon/right_thigh"},{"predicate":{"custom_model_data":6},"model":"modelengine:littleroom_crimsondemon/chest_1"},{"predicate":{"custom_model_data":7},"model":"modelengine:littleroom_crimsondemon/08c5e42b-5847-beec-9ca0-7170e6a2d79d"},{"predicate":{"custom_model_data":8},"model":"modelengine:littleroom_crimsondemon/left_shin"},{"predicate":{"custom_model_data":9},"model":"modelengine:littleroom_crimsondemon/right_shin"},{"predicate":{"custom_model_data":10},"model":"modelengine:littleroom_crimsondemon/right_arm"},{"predicate":{"custom_model_data":11},"model":"modelengine:littleroom_crimsondemon/right_wing"},{"predicate":{"custom_model_data":12},"model":"modelengine:littleroom_crimsondemon/left_arm"},{"predicate":{"custom_model_data":13},"model":"modelengine:littleroom_crimsondemon/left_wing"},{"predicate":{"custom_model_data":14},"model":"modelengine:littleroom_crimsondemon/neck"},{"predicate":{"custom_model_data":15},"model":"modelengine:littleroom_crimsondemon/afa0f73e-14a0-a383-31e8-8a7aaf2a0c82"},{"predicate":{"custom_model_data":16},"model":"modelengine:littleroom_crimsondemon/left_shin_2"},{"predicate":{"custom_model_data":17},"model":"modelengine:littleroom_crimsondemon/right_shin_2"},{"predicate":{"custom_model_data":18},"model":"modelengine:littleroom_crimsondemon/right_forearm"},{"predicate":{"custom_model_data":19},"model":"modelengine:littleroom_crimsondemon/right_wing_2"},{"predicate":{"custom_model_data":20},"model":"modelengine:littleroom_crimsondemon/left_forearm"},{"predicate":{"custom_model_data":21},"model":"modelengine:littleroom_crimsondemon/left_wing_2"},{"predicate":{"custom_model_data":22},"model":"modelengine:littleroom_crimsondemon/head_base"},{"predicate":{"custom_model_data":23},"model":"modelengine:littleroom_crimsondemon/a3a2d3d9-5ad6-436b-1ca4-88bd47685821"},{"predicate":{"custom_model_data":24},"model":"modelengine:littleroom_crimsondemon/left_foot"},{"predicate":{"custom_model_data":25},"model":"modelengine:littleroom_crimsondemon/right_foot"},{"predicate":{"custom_model_data":26},"model":"modelengine:littleroom_crimsondemon/right_hand"},{"predicate":{"custom_model_data":27},"model":"modelengine:littleroom_crimsondemon/right_wing_3"},{"predicate":{"custom_model_data":28},"model":"modelengine:littleroom_crimsondemon/left_hand"},{"predicate":{"custom_model_data":29},"model":"modelengine:littleroom_crimsondemon/left_wing_3"},{"predicate":{"custom_model_data":30},"model":"modelengine:littleroom_crimsondemon/head"},{"predicate":{"custom_model_data":31},"model":"modelengine:littleroom_crimsondemon/jaw"},{"predicate":{"custom_model_data":32},"model":"modelengine:littleroom_crimsondemon/7b2ebd68-55d8-ae6d-e201-a89cb97075ed"},{"predicate":{"custom_model_data":33},"model":"modelengine:littleroom_crimsondemon/right_hand_finger_1"},{"predicate":{"custom_model_data":34},"model":"modelengine:littleroom_crimsondemon/right_hand_finger_2"},{"predicate":{"custom_model_data":35},"model":"modelengine:littleroom_crimsondemon/right_hand_finger_3"},{"predicate":{"custom_model_data":36},"model":"modelengine:littleroom_crimsondemon/right_hand_finger_4"},{"predicate":{"custom_model_data":37},"model":"modelengine:littleroom_crimsondemon/left_hand_finger_1"},{"predicate":{"custom_model_data":38},"model":"modelengine:littleroom_crimsondemon/left_hand_finger_4"},{"predicate":{"custom_model_data":39},"model":"modelengine:littleroom_crimsondemon/left_hand_finger_3"},{"predicate":{"custom_model_data":40},"model":"modelengine:littleroom_crimsondemon/left_hand_finger_2"},{"predicate":{"custom_model_data":41},"model":"modelengine:littleroom_crimsondemon/right_horn"},{"predicate":{"custom_model_data":42},"model":"modelengine:littleroom_crimsondemon/left_horn"},{"predicate":{"custom_model_data":43},"model":"modelengine:littleroom_crimsondemon/069bb019-298c-fe84-3b1b-408420202edc"},{"predicate":{"custom_model_data":44},"model":"modelengine:littleroom_crimsondemon_ground_fx/rock_1"},{"predicate":{"custom_model_data":45},"model":"modelengine:littleroom_crimsondemon_ground_fx/dust_circle_1"},{"predicate":{"custom_model_data":46},"model":"modelengine:littleroom_crimsondemon_ground_fx/dust_circle_2"},{"predicate":{"custom_model_data":47},"model":"modelengine:littleroom_crimsondemon_ground_fx/rock_4"},{"predicate":{"custom_model_data":48},"model":"modelengine:littleroom_crimsondemon_ground_fx/dust_circle_3"},{"predicate":{"custom_model_data":49},"model":"modelengine:littleroom_crimsondemon_ground_fx/rock_3"},{"predicate":{"custom_model_data":50},"model":"modelengine:littleroom_crimsondemon_ground_fx/rock_2"},{"predicate":{"custom_model_data":51},"model":"modelengine:littleroom_crimsondemon_ground_fx/dust_4"},{"predicate":{"custom_model_data":52},"model":"modelengine:littleroom_crimsondemon_ground_fx/dust_3"},{"predicate":{"custom_model_data":53},"model":"modelengine:littleroom_crimsondemon_ground_fx/dust_2"},{"predicate":{"custom_model_data":54},"model":"modelengine:littleroom_crimsondemon_ground_fx/dust_1"},{"predicate":{"custom_model_data":55},"model":"modelengine:littleroom_crimsondemon_ground_fx/ground_cracks"},{"predicate":{"custom_model_data":56},"model":"modelengine:ground_with_roots/ground_with_roots"},{"predicate":{"custom_model_data":57},"model":"modelengine:minotaur/left_leg"},{"predicate":{"custom_model_data":58},"model":"modelengine:minotaur/right_leg"},{"predicate":{"custom_model_data":59},"model":"modelengine:minotaur/main_body"},{"predicate":{"custom_model_data":60},"model":"modelengine:minotaur/ground_with_roots"},{"predicate":{"custom_model_data":61},"model":"modelengine:minotaur/head"},{"predicate":{"custom_model_data":62},"model":"modelengine:minotaur/right_hand"},{"predicate":{"custom_model_data":63},"model":"modelengine:minotaur/tail"},{"predicate":{"custom_model_data":64},"model":"modelengine:minotaur/left_hand"},{"predicate":{"custom_model_data":65},"model":"modelengine:minotaur/eye"},{"predicate":{"custom_model_data":66},"model":"modelengine:minotaur/red_eye_light"},{"predicate":{"custom_model_data":67},"model":"modelengine:minotaur/ring"},{"predicate":{"custom_model_data":68},"model":"modelengine:sleeping_minotaur/left_bolt"},{"predicate":{"custom_model_data":69},"model":"modelengine:sleeping_minotaur/right_bolt"},{"predicate":{"custom_model_data":70},"model":"modelengine:sleeping_minotaur/left_chain"},{"predicate":{"custom_model_data":71},"model":"modelengine:sleeping_minotaur/left_leg"},{"predicate":{"custom_model_data":72},"model":"modelengine:sleeping_minotaur/right_leg"},{"predicate":{"custom_model_data":73},"model":"modelengine:sleeping_minotaur/main_body"},{"predicate":{"custom_model_data":74},"model":"modelengine:sleeping_minotaur/right_chain"},{"predicate":{"custom_model_data":75},"model":"modelengine:sleeping_minotaur/left_chain2"},{"predicate":{"custom_model_data":76},"model":"modelengine:sleeping_minotaur/head"},{"predicate":{"custom_model_data":77},"model":"modelengine:sleeping_minotaur/right_hand"},{"predicate":{"custom_model_data":78},"model":"modelengine:sleeping_minotaur/tail"},{"predicate":{"custom_model_data":79},"model":"modelengine:sleeping_minotaur/left_hand"},{"predicate":{"custom_model_data":80},"model":"modelengine:sleeping_minotaur/right_chain2"},{"predicate":{"custom_model_data":81},"model":"modelengine:sleeping_minotaur/left_chain3"},{"predicate":{"custom_model_data":82},"model":"modelengine:sleeping_minotaur/eye"},{"predicate":{"custom_model_data":83},"model":"modelengine:sleeping_minotaur/closed_eye"},{"predicate":{"custom_model_data":84},"model":"modelengine:sleeping_minotaur/ring"},{"predicate":{"custom_model_data":85},"model":"modelengine:sleeping_minotaur/right_chain3"},{"predicate":{"custom_model_data":86},"model":"modelengine:sleeping_minotaur/left_chain4"},{"predicate":{"custom_model_data":87},"model":"modelengine:sleeping_minotaur/right_chain4"},{"predicate":{"custom_model_data":88},"model":"modelengine:sleeping_minotaur/left_chain5"},{"predicate":{"custom_model_data":89},"model":"modelengine:sleeping_minotaur/right_chain5"},{"predicate":{"custom_model_data":90},"model":"modelengine:sleeping_minotaur/left_chain6"},{"predicate":{"custom_model_data":91},"model":"modelengine:sleeping_minotaur/right_chain6"},{"predicate":{"custom_model_data":92},"model":"modelengine:sleeping_minotaur/left_chain7"},{"predicate":{"custom_model_data":93},"model":"modelengine:sleeping_minotaur/right_chain7"},{"predicate":{"custom_model_data":94},"model":"modelengine:sleeping_minotaur/left_chain8"},{"predicate":{"custom_model_data":95},"model":"modelengine:sleeping_minotaur/right_chain8"}],"parent":"minecraft:item/generated","textures":{"layer0":"minecraft:item/leather_horse_armor"}}