{"textures":{"0":"modelengine:entity/crimson_demon_underlit"},"elements":[{"from":[-6.0,0.0,-8.5],"to":[22.0,16.0,9.5],"faces":{"east":{"uv":[3.5,6.8125,4.625,7.8125],"tintindex":-2,"rotation":0,"texture":"#0"},"south":{"uv":[5.625,2.375,7.375,3.375],"tintindex":-2,"rotation":0,"texture":"#0"},"north":{"uv":[4.875,4.875,6.625,5.875],"tintindex":-2,"rotation":0,"texture":"#0"},"west":{"uv":[4.625,6.8125,3.5,7.8125],"tintindex":-2,"rotation":0,"texture":"#0"},"up":{"uv":[3.125,6.0,1.375,4.875],"tintindex":-2,"rotation":0,"texture":"#0"},"down":{"uv":[4.875,4.875,3.125,6.0],"tintindex":-2,"rotation":0,"texture":"#0"}}}],"display":{"gui":{"rotation":[30,225,0]}}}