{"textures":{"0":"modelengine:entity/ground_with_roots","particle":"#0"},"elements":[{"from":[-0.083333015,10.666666,-4.0],"to":[15.916666,26.666666,12.0],"faces":{"east":{"uv":[0.0,4.0,4.0,8.0],"tintindex":0,"rotation":0,"texture":"#0"},"south":{"uv":[12.0,4.0,16.0,8.0],"tintindex":0,"rotation":0,"texture":"#0"},"north":{"uv":[4.0,4.0,8.0,8.0],"tintindex":0,"rotation":0,"texture":"#0"},"west":{"uv":[8.0,4.0,12.0,8.0],"tintindex":0,"rotation":0,"texture":"#0"},"up":{"uv":[8.0,4.0,4.0,0.0],"tintindex":0,"rotation":0,"texture":"#0"},"down":{"uv":[12.0,0.0,8.0,4.0],"tintindex":0,"rotation":0,"texture":"#0"}}},{"from":[-2.6617603,-1.333334,5.1715727],"to":[13.33824,10.666666,5.1715727],"faces":{"south":{"uv":[4.0,8.0,8.0,11.0],"tintindex":0,"rotation":0,"texture":"#0"},"north":{"uv":[0.0,8.0,4.0,11.0],"tintindex":0,"rotation":0,"texture":"#0"}},"rotation":{"origin":[8.166667,2.666666,8.0],"angle":-45.0,"axis":"y"}},{"from":[2.7450938,-1.333334,5.1715727],"to":[18.745094,10.666666,5.1715727],"faces":{"south":{"uv":[8.0,8.0,4.0,11.0],"tintindex":0,"rotation":0,"texture":"#0"},"north":{"uv":[4.0,8.0,0.0,11.0],"tintindex":0,"rotation":0,"texture":"#0"}},"rotation":{"origin":[7.9166665,2.666666,8.0],"angle":45.0,"axis":"y"}}],"display":{"head":{"rotation":[0.0,0.0,0.0]},"firstperson_righthand":{"rotation":[0.0,0.0,0.0]},"thirdperson_lefthand":{"rotation":[0.0,-0.0,-0.0]},"firstperson_lefthand":{"rotation":[0.0,-0.0,-0.0]},"fixed":{"rotation":[0.0,0.0,0.0]},"ground":{"rotation":[0.0,0.0,0.0]},"thirdperson_righthand":{"rotation":[0.0,0.0,0.0]},"gui":{"rotation":[-150.0,-45.0,180.0]}}}